,RPI,Team,wins,losses,SOS,Rank,Opp Win Percent,opp_wins,opp_losses,opp_opp_win_pct
152,153,Abilene Christian,33.0,25.0,0.474,211,0.4693,1427.0,1614.0,0.48339999999999994
113,114,Air Force,27.0,28.0,0.513,111,0.5283,1471.0,1313.0,0.48240000000000016
267,268,Akron,15.0,39.0,0.4809,195,0.4783,1340.0,1462.0,0.48609999999999987
23,24,Alabama,33.0,22.0,0.5824,7,0.6043,1784.0,1168.0,0.5386000000000002
297,298,Alabama A&M,10.0,38.0,0.4335,291,0.4476,1037.0,1280.0,0.4053
260,261,Alabama State,29.0,27.0,0.4199,296,0.4167,1090.0,1526.0,0.4263
286,287,Albany,15.5,34.5,0.4571,256,0.4629,1147.0,1331.0,0.4455
302,303,Alcorn State,6.0,42.0,0.4096,302,0.4138,893.0,1265.0,0.4012000000000001
69,70,Appalachian State,33.5,21.5,0.5133,109,0.5113,1495.0,1429.0,0.5172999999999999
30,31,Arizona,36.0,21.0,0.5556,31,0.5745,1706.0,1263.0,0.5177999999999998
86,87,Arizona State,32.0,26.0,0.5353,61,0.5432,1634.0,1374.0,0.5195000000000001
4,5,Arkansas,43.0,14.0,0.5769,11,0.5873,1789.0,1257.0,0.5560999999999998
215,216,Arkansas State,21.5,32.5,0.4972,153,0.4981,1420.0,1431.0,0.49540000000000006
304,305,Arkansas-Pine Bluff,9.0,34.0,0.3771,305,0.3623,708.0,1247.0,0.40669999999999995
124,125,Army,31.0,21.0,0.4814,191,0.482,1172.0,1260.0,0.48019999999999996
48,49,Auburn,27.0,26.0,0.587,4,0.6064,1738.0,1128.0,0.5481999999999998
153,154,Austin Peay,35.0,21.0,0.4475,270,0.432,1270.0,1670.0,0.47850000000000004
130,131,BYU,21.0,31.0,0.5349,62,0.5346,1474.0,1283.0,0.5355000000000003
116,117,Ball State,35.5,23.5,0.471,221,0.464,1403.0,1621.0,0.48499999999999976
138,139,Baylor,22.0,31.0,0.5463,44,0.5563,1573.0,1254.0,0.5263
294,295,Bellarmine,10.0,45.0,0.4763,207,0.4785,1402.0,1528.0,0.4719000000000001
168,169,Belmont,26.0,32.0,0.5037,135,0.5109,1564.0,1497.0,0.48930000000000007
223,224,Bethune-Cookman,32.0,27.0,0.4454,272,0.4533,1260.0,1520.0,0.4296000000000001
244,245,Binghamton,21.0,29.0,0.4563,259,0.4478,1088.0,1342.0,0.47330000000000005
90,91,Boston College,22.0,31.0,0.5665,20,0.5825,1617.0,1159.0,0.5345
100,101,Bowling Green,33.0,20.0,0.4712,220,0.4678,1285.0,1462.0,0.478
258,259,Bradley,12.5,37.5,0.4927,167,0.4989,1316.0,1322.0,0.48029999999999995
284,285,Brown,11.0,28.0,0.4629,246,0.4764,828.0,910.0,0.43590000000000007
114,115,Bryant,36.0,19.0,0.453,264,0.4516,1174.0,1426.0,0.4558
181,182,Bucknell,22.0,24.0,0.4788,200,0.4789,1038.0,1130.0,0.4785999999999999
197,198,Butler,20.0,35.0,0.5078,121,0.5196,1478.0,1366.0,0.4842000000000002
105,106,Cal Poly,35.0,22.0,0.499,148,0.4944,1442.0,1475.0,0.5081999999999999
272,273,Cal State Bakersfield,15.0,38.0,0.4945,164,0.4967,1355.0,1373.0,0.4901000000000001
236,237,Cal State Fullerton,16.0,38.0,0.5193,97,0.5267,1480.0,1330.0,0.5045000000000002
91,92,Cal State Northridge,30.0,24.0,0.5157,103,0.525,1458.0,1319.0,0.4971000000000001
62,63,California,36.0,19.0,0.5158,100,0.5117,1465.0,1398.0,0.524
128,129,California Baptist,38.0,24.0,0.4759,208,0.473,1521.0,1695.0,0.4817
82,83,Campbell,31.0,22.0,0.5247,84,0.5315,1449.0,1277.0,0.5111000000000001
251,252,Canisius,18.0,30.0,0.4529,265,0.4518,1104.0,1340.0,0.45510000000000006
206,207,Central Arkansas,26.0,30.0,0.4809,196,0.4814,1443.0,1555.0,0.4798999999999999
278,279,Central Connecticut,18.0,24.0,0.4338,290,0.4376,928.0,1193.0,0.42620000000000013
276,277,Central Michigan,14.0,38.0,0.4737,213,0.472,1268.0,1419.0,0.4771000000000001
42,43,Charleston,41.0,14.0,0.5121,112,0.5112,1459.0,1395.0,0.5139
191,192,Charleston Southern,22.0,32.0,0.5086,119,0.5238,1419.0,1290.0,0.4782000000000002
141,142,Charlotte,24.0,34.0,0.5394,54,0.5504,1693.0,1383.0,0.5173999999999999
61,62,Cincinnati,32.0,25.0,0.5399,52,0.5451,1620.0,1352.0,0.5295000000000001
6,7,Clemson,41.0,14.0,0.5682,17,0.5767,1672.0,1227.0,0.5512000000000001
35,36,Coastal Carolina,34.0,23.0,0.5643,22,0.5767,1779.0,1305.0,0.5395000000000001
125,126,Columbia,26.0,18.0,0.4734,215,0.4827,962.0,1031.0,0.45479999999999987
40,41,Connecticut,32.0,23.0,0.545,47,0.5607,1593.0,1248.0,0.5136000000000003
298,299,Coppin State,12.0,33.0,0.418,298,0.413,928.0,1320.0,0.42800000000000005
211,212,Cornell,17.0,21.0,0.4662,236,0.4701,777.0,876.0,0.45840000000000003
65,66,Creighton,35.0,17.0,0.4998,145,0.5032,1350.0,1333.0,0.4930000000000001
16,17,Dallas Baptist,44.0,13.0,0.5279,79,0.5329,1618.0,1418.0,0.5179
282,283,Dartmouth,13.0,25.0,0.4429,275,0.437,744.0,959.0,0.4547
228,229,Davidson,24.0,28.0,0.472,219,0.4748,1250.0,1383.0,0.4663999999999999
129,130,Dayton,33.0,22.0,0.4678,231,0.4622,1295.0,1507.0,0.479
120,121,Delaware,31.0,26.0,0.4978,151,0.5012,1446.0,1439.0,0.4910000000000001
264,265,Delaware State,22.0,27.0,0.4426,276,0.4505,1086.0,1325.0,0.42679999999999985
15,16,Duke,39.0,18.0,0.5657,21,0.5754,1705.0,1258.0,0.5462999999999998
22,23,East Carolina,43.0,15.0,0.5309,70,0.5323,1631.0,1433.0,0.5281000000000002
52,53,East Tennessee State,36.0,20.0,0.5201,94,0.5307,1520.0,1344.0,0.4989000000000001
256,257,Eastern Illinois,20.0,32.0,0.4564,258,0.4505,1220.0,1489.0,0.46819999999999995
259,260,Eastern Kentucky,21.0,37.0,0.4757,209,0.475,1451.0,1604.0,0.4771000000000001
288,289,Eastern Michigan,14.0,38.0,0.4608,253,0.4575,1236.0,1466.0,0.46740000000000004
174,175,Elon,21.0,32.0,0.5323,68,0.551,1503.0,1225.0,0.4948999999999999
75,76,Evansville,35.0,23.0,0.51,118,0.5152,1573.0,1480.0,0.49960000000000004
162,163,FAU,28.0,29.0,0.4972,152,0.488,1461.0,1533.0,0.5156000000000001
126,127,FGCU,30.0,26.0,0.4968,155,0.5002,1495.0,1494.0,0.4900000000000002
123,124,FIU,27.0,30.0,0.5307,72,0.5435,1632.0,1371.0,0.5050999999999999
160,161,Fairfield,34.0,24.0,0.4568,257,0.4555,1324.0,1583.0,0.45940000000000003
240,241,Fairleigh Dickinson,26.0,30.0,0.4386,284,0.4396,1226.0,1563.0,0.4365999999999999
29,30,Florida,28.0,27.0,0.6079,1,0.6384,1880.0,1064.0,0.5469000000000002
207,208,Florida A&M,29.0,27.0,0.4628,247,0.4861,1293.0,1367.0,0.4161999999999999
7,8,Florida State,42.0,15.0,0.5614,26,0.5677,1698.0,1293.0,0.5488000000000002
193,194,Fordham,19.0,33.0,0.514,107,0.5326,1435.0,1259.0,0.4768000000000001
184,185,Fresno State,32.0,27.0,0.4588,255,0.4407,1282.0,1627.0,0.4949999999999999
220,221,Gardner-Webb,22.0,31.0,0.4955,160,0.5009,1368.0,1363.0,0.4846999999999999
232,233,George Mason,21.0,32.0,0.4927,168,0.5009,1365.0,1360.0,0.47629999999999995
164,165,George Washington,31.0,26.0,0.4766,206,0.4798,1367.0,1482.0,0.4702000000000002
58,59,Georgetown,36.0,21.0,0.5207,91,0.5268,1530.0,1374.0,0.5085
5,6,Georgia,39.0,15.0,0.5778,9,0.5931,1708.0,1171.0,0.5472000000000001
53,54,Georgia Southern,33.0,26.0,0.5518,35,0.5616,1751.0,1366.0,0.5321999999999998
109,110,Georgia State,25.0,32.0,0.5422,51,0.5485,1655.0,1362.0,0.5296000000000001
47,48,Georgia Tech,31.0,23.0,0.5621,23,0.5704,1589.0,1197.0,0.5455000000000001
169,170,Gonzaga,21.0,32.0,0.5066,124,0.5075,1379.0,1338.0,0.5048000000000001
233,234,Grambling State,25.0,26.0,0.4438,274,0.459,1087.0,1281.0,0.4133999999999999
95,96,Grand Canyon,34.0,23.0,0.4999,143,0.5051,1535.0,1504.0,0.48950000000000005
266,267,Harvard,13.0,26.0,0.4623,249,0.4627,806.0,936.0,0.4615
72,73,Hawaii,33.0,16.0,0.5108,115,0.5056,1271.0,1243.0,0.5211999999999999
121,122,High Point,34.0,25.0,0.4946,163,0.4911,1493.0,1547.0,0.5016
149,150,Hofstra,24.0,33.0,0.5118,114,0.5197,1519.0,1404.0,0.496
156,157,Holy Cross,26.0,27.0,0.4693,228,0.4664,1115.0,1276.0,0.47509999999999997
111,112,Houston,26.0,28.0,0.5398,53,0.5478,1558.0,1286.0,0.5237999999999998
235,236,Houston Christian,18.0,31.0,0.4858,182,0.4835,1243.0,1328.0,0.49040000000000006
46,47,Illinois,34.0,19.0,0.5305,74,0.539,1484.0,1269.0,0.5134999999999998
134,135,Illinois State,30.0,27.0,0.4842,185,0.4877,1429.0,1501.0,0.47720000000000007
194,195,Incarnate Word,26.0,31.0,0.4879,176,0.4911,1436.0,1488.0,0.48150000000000004
54,55,Indiana,32.5,24.5,0.5491,39,0.5609,1690.0,1323.0,0.5255000000000001
9,10,Indiana State,42.0,13.0,0.5303,75,0.5404,1576.0,1340.0,0.5101
291,292,Iona,12.0,38.0,0.4617,250,0.4702,1181.0,1331.0,0.4447
103,104,Iowa,29.0,23.0,0.5074,122,0.4994,1328.0,1331.0,0.5233999999999998
237,238,Jackson State,32.0,20.0,0.4065,304,0.4135,978.0,1387.0,0.39250000000000007
208,209,Jacksonville,27.0,31.0,0.4819,190,0.478,1471.0,1607.0,0.4897
199,200,Jacksonville State,18.0,34.0,0.5239,85,0.5328,1488.0,1305.0,0.5061
43,44,James Madison,34.0,23.0,0.5479,42,0.5608,1671.0,1308.0,0.5221000000000002
71,72,Kansas,31.0,23.0,0.5355,60,0.5352,1497.0,1300.0,0.5361
44,45,Kansas State,32.0,24.0,0.5565,30,0.5685,1667.0,1265.0,0.5325
83,84,Kennesaw State,32.0,24.0,0.5053,131,0.5097,1502.0,1445.0,0.4964999999999997
165,166,Kent State,26.0,26.0,0.4769,204,0.4759,1292.0,1423.0,0.4788999999999999
2,3,Kentucky,40.0,14.0,0.5829,6,0.5966,1739.0,1176.0,0.5554999999999999
20,21,LSU,40.0,20.0,0.5676,18,0.5757,1846.0,1360.0,0.5513999999999999
243,244,Lafayette,14.0,35.0,0.5056,130,0.5231,1233.0,1124.0,0.47060000000000013
64,65,Lamar,44.0,15.0,0.4766,205,0.4645,1413.0,1629.0,0.5008000000000001
257,258,Le Moyne,22.5,27.5,0.4235,294,0.4215,1018.0,1397.0,0.4275
221,222,Lehigh,23.5,23.5,0.4443,273,0.4312,971.0,1281.0,0.4704999999999999
115,116,Liberty,24.0,34.0,0.5515,36,0.573,1763.0,1314.0,0.5085000000000002
287,288,Lindenwood,15.0,38.0,0.463,245,0.4657,1283.0,1473.0,0.4576
227,228,Lipscomb,22.0,34.0,0.4852,184,0.4804,1419.0,1535.0,0.4948
143,144,Little Rock,32.0,24.0,0.4702,223,0.472,1406.0,1573.0,0.4666000000000001
186,187,Long Beach State,25.5,29.5,0.4907,171,0.4869,1377.0,1451.0,0.4983000000000002
195,196,Long Island,33.0,23.0,0.4319,292,0.4266,1177.0,1583.0,0.4425000000000001
212,213,Longwood,23.0,29.0,0.4732,216,0.4692,1265.0,1431.0,0.48119999999999996
37,38,Louisiana,40.0,18.0,0.5336,64,0.5417,1689.0,1429.0,0.5174000000000001
28,29,Louisiana Tech,45.0,17.0,0.527,82,0.5316,1731.0,1525.0,0.5178
59,60,Louisville,32.0,24.0,0.5535,33,0.5597,1641.0,1291.0,0.5410999999999999
218,219,Loyola-Marymount,24.0,30.0,0.4827,188,0.4848,1323.0,1406.0,0.47850000000000015
293,294,Maine,10.0,37.0,0.468,230,0.4742,1109.0,1230.0,0.4556000000000001
268,269,Manhattan,22.0,30.0,0.4185,297,0.3939,1021.0,1573.0,0.4677000000000001
250,251,Marist,20.0,35.0,0.4562,260,0.4558,1250.0,1493.0,0.4570000000000001
189,190,Marshall,18.0,37.0,0.5386,55,0.55,1608.0,1315.0,0.5157999999999998
41,42,Maryland,34.0,22.0,0.5345,63,0.5392,1593.0,1361.0,0.5250999999999999
303,304,Maryland Eastern Shore,0.0,48.0,0.4393,282,0.446,1079.0,1341.0,0.42590000000000006
112,113,McNeese,30.0,27.0,0.5141,105,0.5272,1540.0,1381.0,0.4879
201,202,Memphis,23.0,32.0,0.4989,149,0.4981,1461.0,1472.0,0.5005000000000002
108,109,Mercer,29.0,29.0,0.5278,81,0.5407,1634.0,1388.0,0.5020000000000002
204,205,Merrimack,33.0,26.0,0.4386,285,0.4424,1269.0,1600.0,0.4309999999999998
80,81,Miami (FL),27.0,30.0,0.569,16,0.586,1735.0,1226.0,0.5349999999999999
180,181,Miami (OH),27.0,27.0,0.4811,193,0.48,1341.0,1453.0,0.48330000000000006
84,85,Michigan,32.0,28.0,0.5365,57,0.5486,1669.0,1373.0,0.5123
104,105,Michigan State,24.0,27.0,0.5449,48,0.5631,1502.0,1165.0,0.5085
225,226,Middle Tennessee,20.0,36.0,0.5041,132,0.5135,1501.0,1422.0,0.48530000000000006
274,275,Milwaukee,17.0,36.0,0.464,241,0.4637,1256.0,1453.0,0.4646000000000001
117,118,Minnesota,24.0,23.0,0.5006,142,0.4952,1192.0,1215.0,0.5114000000000003
24,25,Mississippi State,38.0,21.0,0.5722,14,0.5838,1833.0,1306.0,0.5490000000000002
301,302,Mississippi Valley State,7.0,32.0,0.4207,295,0.4272,784.0,1051.0,0.40769999999999995
101,102,Missouri,23.0,32.0,0.5618,25,0.5734,1686.0,1254.0,0.5386
135,136,Missouri State,23.0,34.0,0.5213,89,0.5309,1600.0,1413.0,0.5020999999999998
183,184,Monmouth,18.0,30.0,0.4998,144,0.4974,1230.0,1243.0,0.5046
167,168,Morehead State,37.0,24.0,0.4415,279,0.4232,1328.0,1811.0,0.47809999999999997
277,278,Mount Saint Mary's,22.5,34.5,0.4387,283,0.4337,1221.0,1594.0,0.4487000000000001
79,80,Murray State,37.0,20.0,0.4969,154,0.4978,1498.0,1511.0,0.4950999999999999
226,227,NJIT,26.0,28.0,0.442,278,0.4269,1122.0,1507.0,0.47220000000000006
172,173,Navy,28.0,23.0,0.4667,234,0.4593,1074.0,1265.0,0.48150000000000015
27,28,Nebraska,39.0,20.0,0.5501,38,0.563,1694.0,1314.0,0.5243000000000002
187,188,Nevada,25.0,26.0,0.4643,239,0.4527,1162.0,1405.0,0.48750000000000004
200,201,New Mexico,27.0,26.0,0.4707,222,0.4632,1221.0,1415.0,0.48570000000000013
137,138,New Mexico State,25.0,29.0,0.5157,102,0.5254,1495.0,1350.0,0.4963000000000002
122,123,New Orleans,28.0,26.0,0.5121,113,0.5216,1476.0,1354.0,0.4931000000000001
102,103,Niagara,38.0,15.0,0.4366,288,0.4203,1102.0,1521.0,0.46920000000000006
60,61,Nicholls,34.0,20.0,0.5195,95,0.538,1516.0,1302.0,0.48249999999999993
300,301,Norfolk State,12.0,41.0,0.4167,300,0.4119,1080.0,1543.0,0.4263
275,276,North Alabama,18.5,35.5,0.4672,232,0.4658,1356.0,1555.0,0.47
3,4,North Carolina,42.0,13.0,0.5712,15,0.5857,1678.0,1187.0,0.5422
166,167,North Carolina A&T,25.0,28.0,0.4937,166,0.4942,1356.0,1388.0,0.49270000000000014
14,15,North Carolina State,33.0,20.0,0.589,3,0.613,1704.0,1075.0,0.5409999999999999
238,239,North Dakota State,19.5,30.5,0.4604,254,0.4655,1127.0,1295.0,0.45019999999999993
252,253,North Florida,21.5,30.5,0.4662,235,0.4576,1235.0,1464.0,0.48340000000000005
34,35,Northeastern,38.0,17.0,0.5134,108,0.5141,1455.0,1375.0,0.512
281,282,Northern Colorado,16.5,38.5,0.4638,242,0.4704,1224.0,1379.0,0.4506
209,210,Northern Illinois,21.0,33.0,0.4782,202,0.477,1325.0,1453.0,0.48060000000000014
148,149,Northern Kentucky,33.0,22.0,0.4486,269,0.4342,1211.0,1578.0,0.47740000000000016
145,146,Northwestern,18.0,34.0,0.5359,59,0.5477,1494.0,1234.0,0.5123000000000002
185,186,Northwestern State,20.0,33.0,0.5203,93,0.5357,1514.0,1312.0,0.48950000000000005
78,79,Notre Dame,27.0,25.0,0.5364,58,0.534,1461.0,1275.0,0.5411999999999999
198,199,Oakland,29.0,27.0,0.4424,277,0.4296,1226.0,1628.0,0.46799999999999997
249,250,Ohio,18.0,32.0,0.4729,217,0.4722,1222.0,1366.0,0.47429999999999983
66,67,Ohio State,29.0,26.0,0.5438,49,0.5523,1605.0,1301.0,0.5267999999999997
13,14,Oklahoma,37.0,19.0,0.5775,10,0.6003,1788.0,1190.0,0.5319
10,11,Oklahoma State,40.0,17.0,0.5582,28,0.5679,1718.0,1307.0,0.5388000000000002
70,71,Old Dominion,31.0,26.0,0.5514,37,0.5614,1695.0,1324.0,0.5313999999999999
32,33,Ole Miss,27.0,29.0,0.6065,2,0.6381,1905.0,1080.0,0.5433000000000001
289,290,Omaha,18.5,32.5,0.4254,293,0.4086,974.0,1415.0,0.45899999999999996
265,266,Oral Roberts,27.5,30.5,0.4393,281,0.4284,1185.0,1584.0,0.46110000000000007
51,52,Oregon,37.0,18.0,0.5227,87,0.5284,1497.0,1336.0,0.5113000000000003
17,18,Oregon State,42.0,14.0,0.5282,78,0.5366,1535.0,1325.0,0.5114000000000001
292,293,Pacific,11.0,44.0,0.4911,170,0.4979,1400.0,1412.0,0.47750000000000004
179,180,Penn,24.0,23.0,0.4624,248,0.4688,953.0,1080.0,0.4496
96,97,Penn State,29.0,24.0,0.5102,116,0.5113,1357.0,1297.0,0.508
270,271,Pepperdine,15.0,38.0,0.4919,169,0.4932,1346.0,1383.0,0.48929999999999996
88,89,Pittsburgh,26.0,29.0,0.5525,34,0.5637,1609.0,1245.0,0.5301
56,57,Portland,37.0,19.0,0.5026,137,0.5033,1438.0,1419.0,0.5012000000000001
253,254,Prairie View A&M,26.0,25.0,0.4147,301,0.4141,979.0,1385.0,0.41589999999999994
190,191,Presbyterian College,29.0,27.0,0.4748,210,0.4731,1346.0,1499.0,0.47819999999999985
176,177,Princeton,18.0,26.0,0.4967,157,0.521,1019.0,937.0,0.44809999999999994
89,90,Purdue,32.0,24.0,0.5262,83,0.5336,1528.0,1335.0,0.5114000000000001
246,247,Purdue Fort Wayne,19.0,37.0,0.4735,214,0.4746,1355.0,1500.0,0.47129999999999983
280,281,Queens,14.0,41.0,0.4885,175,0.4981,1432.0,1443.0,0.46930000000000005
247,248,Quinnipiac,20.0,30.0,0.4543,261,0.4579,1158.0,1371.0,0.44710000000000005
255,256,Radford,16.0,34.0,0.4938,165,0.4956,1279.0,1302.0,0.4902000000000001
151,152,Rhode Island,19.0,28.0,0.5147,104,0.5322,1274.0,1120.0,0.47970000000000024
163,164,Rice,23.0,36.0,0.5294,77,0.5396,1670.0,1425.0,0.5090000000000001
213,214,Richmond,27.0,32.0,0.4868,180,0.4933,1460.0,1500.0,0.4737999999999999
133,134,Rider,28.0,23.0,0.4669,233,0.4734,1214.0,1351.0,0.4539000000000001
76,77,Rutgers,28.0,25.0,0.5329,66,0.541,1482.0,1257.0,0.5166999999999999
254,255,SIUE,20.5,34.5,0.4658,237,0.474,1355.0,1504.0,0.4494
217,218,Sacramento State,26.0,31.0,0.4785,201,0.4777,1437.0,1571.0,0.48009999999999997
142,143,Sacred Heart,35.0,23.0,0.4506,267,0.4608,1315.0,1539.0,0.4301999999999999
222,223,Saint Bonaventure,18.0,31.0,0.4809,194,0.4815,1219.0,1313.0,0.4796999999999999
50,51,Saint John's,37.5,16.5,0.5073,123,0.5069,1400.0,1362.0,0.5081
140,141,Saint Joseph's,29.0,26.0,0.4863,181,0.4907,1339.0,1390.0,0.47750000000000004
98,99,Saint Louis,37.0,16.0,0.4631,243,0.4546,1215.0,1458.0,0.48009999999999997
107,108,Saint Mary's College,34.0,22.0,0.4856,183,0.4829,1380.0,1478.0,0.4909999999999999
299,300,Saint Peter's,12.0,40.0,0.4073,303,0.3903,993.0,1553.0,0.4413
203,204,Saint Thomas,21.0,24.0,0.4536,263,0.4594,1013.0,1194.0,0.44200000000000006
77,78,Sam Houston State,34.0,24.0,0.5235,86,0.531,1618.0,1429.0,0.5085
87,88,Samford,36.0,21.0,0.5065,127,0.5003,1483.0,1481.0,0.5188999999999999
18,19,San Diego,40.0,13.0,0.5211,90,0.5275,1458.0,1306.0,0.5083
234,235,San Diego State,17.0,37.0,0.514,106,0.5294,1432.0,1273.0,0.4832000000000001
269,270,San Francisco,21.0,34.0,0.4647,238,0.4577,1271.0,1506.0,0.4786999999999999
161,162,San Jose State,24.0,32.0,0.501,141,0.5133,1426.0,1352.0,0.47640000000000016
157,158,Santa Clara,26.0,26.0,0.4898,174,0.4864,1303.0,1376.0,0.49660000000000004
271,272,Seattle University,16.0,36.0,0.47,226,0.4629,1271.0,1475.0,0.48419999999999996
177,178,Seton Hall,24.0,30.0,0.4968,156,0.4923,1369.0,1412.0,0.5058000000000001
295,296,Siena,12.0,40.0,0.4471,271,0.4421,1134.0,1432.0,0.45709999999999995
68,69,South Alabama,31.0,25.0,0.5427,50,0.5541,1667.0,1341.0,0.5198999999999998
21,22,South Carolina,36.0,23.0,0.5847,5,0.6004,1871.0,1245.0,0.5532999999999999
93,94,South Carolina Upstate,36.0,24.0,0.5065,126,0.5107,1545.0,1480.0,0.49809999999999977
262,263,South Dakota State,19.0,29.0,0.4357,289,0.4267,971.0,1309.0,0.4536999999999999
146,147,South Florida,26.0,29.0,0.5158,101,0.5222,1538.0,1407.0,0.5030000000000001
131,132,Southeast Missouri,34.0,25.0,0.4811,192,0.49,1516.0,1578.0,0.46330000000000005
144,145,Southeastern Louisiana,28.0,28.0,0.504,133,0.515,1494.0,1407.0,0.482
290,291,Southern,19.0,29.0,0.4167,299,0.4258,935.0,1261.0,0.39849999999999997
155,156,Southern Illinois,33.0,27.0,0.477,203,0.468,1449.0,1648.0,0.495
216,217,Southern Indiana,27.0,32.0,0.4728,218,0.4791,1476.0,1605.0,0.46020000000000005
25,26,Southern Miss,41.0,18.0,0.5453,46,0.5525,1750.0,1417.0,0.5308999999999999
154,155,Stanford,22.0,33.0,0.5316,69,0.5355,1524.0,1322.0,0.5237999999999998
296,297,Stephen F. Austin,10.0,44.0,0.461,252,0.457,1298.0,1542.0,0.469
99,100,Stetson,40.0,20.0,0.48,198,0.479,1453.0,1581.0,0.482
248,249,Stonehill,18.0,29.0,0.4541,262,0.466,1087.0,1246.0,0.4303
158,159,Stony Brook,24.0,28.0,0.4991,147,0.4998,1338.0,1339.0,0.49770000000000003
38,39,TCU,33.0,21.0,0.5544,32,0.5609,1599.0,1252.0,0.5414000000000001
150,151,Tarleton State,32.0,29.0,0.479,199,0.4789,1543.0,1679.0,0.47919999999999985
0,1,Tennessee,49.0,11.0,0.5618,24,0.5666,1797.0,1374.0,0.5522
245,246,Tennessee Tech,29.0,26.0,0.4411,280,0.4303,1243.0,1646.0,0.4626999999999999
279,280,Tennessee-Martin,21.0,35.0,0.4529,266,0.451,1310.0,1595.0,0.4567
45,46,Texas,35.0,22.0,0.5574,29,0.568,1698.0,1291.0,0.5362000000000002
1,2,Texas A&M,44.0,13.0,0.5741,13,0.5856,1786.0,1264.0,0.5511000000000001
219,220,Texas A&M-Corpus Christi,21.0,35.0,0.5019,138,0.5065,1472.0,1434.0,0.49270000000000014
231,232,Texas Southern,21.0,25.0,0.4385,286,0.4491,983.0,1206.0,0.4173000000000001
110,111,Texas State,27.0,29.0,0.5325,67,0.5381,1623.0,1393.0,0.5212999999999999
57,58,Texas Tech,33.0,26.0,0.5489,40,0.5602,1718.0,1349.0,0.5263
230,231,The Citadel,21.0,32.0,0.4987,150,0.5035,1360.0,1341.0,0.4891000000000001
196,197,Toledo,27.0,32.0,0.4688,229,0.4662,1401.0,1605.0,0.4740000000000001
242,243,Towson,15.0,39.0,0.5204,92,0.5364,1481.0,1280.0,0.48839999999999995
55,56,Troy,37.0,22.0,0.522,88,0.5277,1605.0,1436.0,0.5106000000000002
85,86,Tulane,35.0,24.0,0.5184,98,0.5258,1618.0,1459.0,0.5035999999999998
182,183,UAB,26.0,29.0,0.4876,178,0.4765,1397.0,1535.0,0.5097999999999999
132,133,UC Davis,29.0,27.0,0.4956,158,0.4984,1438.0,1447.0,0.4899999999999999
26,27,UC Irvine,43.0,12.0,0.5131,110,0.5184,1460.0,1356.0,0.5025
261,262,UC Riverside,16.0,36.0,0.4997,146,0.5049,1344.0,1318.0,0.48929999999999985
136,137,UC San Diego,30.0,23.0,0.4901,173,0.482,1314.0,1412.0,0.5063
12,13,UC Santa Barbara,42.0,12.0,0.5159,99,0.5222,1454.0,1330.0,0.5033000000000001
31,32,UCF,35.0,19.0,0.5482,41,0.5588,1594.0,1258.0,0.5270000000000001
178,179,UCLA,19.0,33.0,0.5307,71,0.536,1451.0,1256.0,0.5200999999999998
92,93,UIC,34.0,20.0,0.4947,162,0.4968,1379.0,1397.0,0.49049999999999994
171,172,ULM,25.0,30.0,0.5101,117,0.5119,1506.0,1436.0,0.5065
173,174,UMBC,27.0,25.0,0.4695,227,0.4802,1198.0,1297.0,0.44809999999999983
175,176,UMass,24.0,29.0,0.4804,197,0.4802,1271.0,1376.0,0.4808
205,206,UMass-Lowell,24.0,31.0,0.4701,224,0.4804,1308.0,1415.0,0.4495000000000001
224,225,UNC Asheville,22.0,28.0,0.4878,177,0.489,1265.0,1322.0,0.48540000000000005
63,64,UNCG,33.0,21.0,0.5306,73,0.5459,1535.0,1277.0,0.4999999999999998
33,34,UNCW,39.0,19.0,0.5373,56,0.545,1635.0,1365.0,0.5218999999999998
229,230,UNLV,26.0,26.0,0.4506,268,0.4336,1141.0,1491.0,0.4845999999999999
73,74,USC,31.0,28.0,0.546,45,0.5607,1729.0,1354.0,0.5166000000000002
188,189,UTA,22.0,34.0,0.5029,136,0.5089,1518.0,1465.0,0.4909000000000001
202,203,UTRGV,29.0,25.0,0.4614,251,0.4561,1300.0,1550.0,0.47199999999999986
119,120,UTSA,32.0,24.0,0.4955,159,0.4894,1474.0,1538.0,0.5076999999999999
81,82,Utah,33.0,22.0,0.5066,125,0.5038,1448.0,1426.0,0.5122
285,286,Utah Tech,14.0,42.0,0.4826,189,0.4834,1429.0,1527.0,0.481
170,171,Utah Valley,25.0,29.0,0.4832,186,0.4844,1386.0,1475.0,0.4808
74,75,VCU,37.0,21.0,0.5059,128,0.5093,1512.0,1457.0,0.4991000000000001
147,148,VMI,25.0,29.0,0.5015,139,0.5089,1424.0,1374.0,0.4866999999999997
241,242,Valparaiso,14.0,38.0,0.5039,134,0.5075,1386.0,1345.0,0.49670000000000014
19,20,Vanderbilt,38.0,21.0,0.5758,12,0.5898,1865.0,1297.0,0.5477999999999998
210,211,Villanova,18.0,33.0,0.4902,172,0.4863,1261.0,1332.0,0.4980000000000001
11,12,Virginia,41.0,15.0,0.5596,27,0.566,1677.0,1286.0,0.5468
67,68,Virginia Tech,32.0,22.0,0.5335,65,0.5282,1472.0,1315.0,0.5440999999999998
214,215,Wagner,26.0,30.0,0.4631,244,0.4731,1298.0,1446.0,0.44309999999999994
8,9,Wake Forest,38.0,20.0,0.5822,8,0.6029,1822.0,1200.0,0.5408000000000002
159,160,Washington,19.5,31.5,0.5278,80,0.5332,1421.0,1244.0,0.5170000000000001
192,193,Washington State,21.0,32.0,0.5058,129,0.5036,1386.0,1366.0,0.5102
36,37,West Virginia,33.0,22.0,0.5467,43,0.5512,1592.0,1296.0,0.5376999999999998
106,107,Western Carolina,28.0,26.0,0.5194,96,0.529,1479.0,1317.0,0.5001999999999998
273,274,Western Illinois,13.0,37.0,0.4827,187,0.4943,1303.0,1333.0,0.45950000000000013
97,98,Western Kentucky,36.0,22.0,0.4947,161,0.4905,1492.0,1550.0,0.5031
127,128,Western Michigan,31.0,21.0,0.4701,225,0.464,1234.0,1426.0,0.48230000000000006
94,95,Wichita State,32.0,29.0,0.53,76,0.5367,1738.0,1500.0,0.5166000000000002
118,119,William & Mary,32.0,26.0,0.5014,140,0.5047,1501.0,1473.0,0.4947999999999999
239,240,Winthrop,19.5,29.5,0.4874,179,0.4864,1237.0,1306.0,0.48939999999999995
49,50,Wofford,40.0,18.0,0.5081,120,0.5093,1507.0,1452.0,0.5057
139,140,Wright State,32.0,24.0,0.4642,240,0.4552,1306.0,1563.0,0.4822000000000001
39,40,Xavier,30.0,27.0,0.567,19,0.5955,1781.0,1209.0,0.5099999999999998
263,264,Yale,18.0,23.0,0.438,287,0.4297,787.0,1045.0,0.4546
283,284,Youngstown State,16.0,44.0,0.4738,212,0.473,1410.0,1571.0,0.47540000000000004
